{
    "count": 4,
    "fiducials": [
        {
            "x": -5.786792705451192,
            "y": -28.786156265047214,
            "z": -1.6116320312516912
        },
        {
            "x": 62.76369217102853,
            "y": -3.4002987484225486,
            "z": 0.8344939705160505
        },
        {
            "x": -46.92936856599127,
            "y": -10.038279260585261,
            "z": 1.461255400974024
        },
        {
            "x": -10.047530899586082,
            "y": 42.22473427405504,
            "z": -0.6841173402383843
        }
    ],
    "id": 0,
    "pivot": {
        "x": 0.0,
        "y": 0.0,
        "z": 0.0
    }
}
