{
    "count": 4,
    "fiducials": [
        {
            "x": -10.64587077791059,
            "y": 42.89846813251399,
            "z": 0.027785841309087383
        },
        {
            "x": 43.186130522416654,
            "y": -7.010708816524282,
            "z": -0.5432731435896834
        },
        {
            "x": 9.499014415010672,
            "y": -14.537510640425392,
            "z": 0.8814491642471088
        },
        {
            "x": -42.03927415951672,
            "y": -21.3502486755643,
            "z": -0.3659618619665267
        }
    ],
    "id": 1,
    "pivot": {
        "x": 0.0,
        "y": 0.0,
        "z": 0.0
    }
}
