{
    "count": 4,
    "fiducials": [
        {
            "x": -33.28609257381405,
            "y": -19.829271480171062,
            "z": 0.0
        },
        {
            "x": 4.816897252575495,
            "y": -25.088309655497856,
            "z": 0.0
        },
        {
            "x": -15.613477162551188,
            "y": 42.20168619252135,
            "z": 0.0
        },
        {
            "x": 44.08267248378988,
            "y": 2.715894943147465,
            "z": 0.0
        }
    ],
    "id": 1,
    "pivot": {
        "x": 0.0,
        "y": 0.0,
        "z": 0.0
    }
}
