{
    "id": 2,
    "count": 4,
    "fiducials": [
        {
            "x": -53.27513549544819,
            "y": 0.30402431150378834,
            "z": 0.0
        },
        {
            "x": 4.391166828306355,
            "y": -31.195216891381293,
            "z": 0.0
        },
        {
            "x": 11.826926060228583,
            "y": 39.30048835769838,
            "z": 0.0
        },
        {
            "x": 37.0570426069132,
            "y": -8.40929577782089,
            "z": 0.0
        }
    ],
    "pivot": {
        "x": 0.0,
        "y": 0.0,
        "z": 0.0
    }
}
