{
    "count": 4,
    "fiducials": [
        {
            "x": -6.497206777174199,
            "y": 23.189321667387986,
            "z": 0.0
        },
        {
            "x": -32.57981301867383,
            "y": 3.9407407139374375,
            "z": 0.0
        },
        {
            "x": 48.0691969931433,
            "y": 0.6150585348137143,
            "z": 0.0
        },
        {
            "x": -8.992177197295362,
            "y": -27.745120916139047,
            "z": 0.0
        }
    ],
    "id": 2,
    "pivot": {
        "x": 194.82784297,
        "y": -9.58276531,
        "z": 56.50056634
    }
}     
