{
    "id": 0,
    "count": 3,
    "fiducials": [
        {
            "x": -47.02079644031858,
            "y": 7.5685272273063315,
            "z": 3.7761948467597956e-14
        },
        {
            "x": 11.470837765378178,
            "y": -25.953564111259045,
            "z": 3.759167660439352e-14
        },
        {
            "x": 35.54995867494037,
            "y": 18.38503688395271,
            "z": 3.66020206128672e-14
        }
    ],
    "pivot": {
        "x": 0.0,
        "y": 0.0,
        "z": 0.0
    }
}
