{
    "count": 4,
    "fiducials": [
        {
            "x": -4.021004374124746,
            "y": 30.936450412345792,
            "z": 0.0
        },
        {
            "x": 53.02591262139543,
            "y": -0.5168099104473209,
            "z": 0.0
        },
        {
            "x": -36.883820953627925,
            "y": 8.759905160797473,
            "z": 0.0
        },
        {
            "x": -12.12108729364281,
            "y": -39.17954566269593,
            "z": 0.0
        }
    ],
    "id": 5,
    "pivot": {
        "x": 0.0,
        "y": 0.0,
        "z": 0.0
    }
}
