{
    "id": 1,
    "count": 4,
    "fiducials": [
        {
            "x": 12.330124490708853,
            "y": -43.75966537135056,
            "z": 0.0
        },
        {
            "x": 34.7579036152255,
            "y": 18.19904530119187,
            "z": 0.0
        },
        {
            "x": -3.271518654221541,
            "y": 25.329358570032312,
            "z": 0.0
        },
        {
            "x": -43.81650945171275,
            "y": 0.23126150012645294,
            "z": 0.0
        }
    ],
    "pivot": {
        "x": 0.0,
        "y": 0.0,
        "z": 0.0
    }
}
