{
    "count": 4,
    "fiducials": [
        {
            "x": -5.92450525180458,
            "y": -28.443406372859986,
            "z": -1.668613899350749
        },
        {
            "x": -47.29846465617972,
            "y": -10.570407160233929,
            "z": 1.494232498172263
        },
        {
            "x": 63.57526946989213,
            "y": -3.579103961123835,
            "z": 0.8466995535735725
        },
        {
            "x": -10.35229956190787,
            "y": 42.59291749421773,
            "z": -0.6723181523949794
        }
    ],
    "id": 0,
    "pivot": {
        "x": 0.0,
        "y": 0.0,
        "z": 0.0
    }
}
