{
    "count": 4,
    "fiducials": [
        {
            "x": -46.63647921174853,
            "y": 10.895595927177743,
            "z": -2.511803904004707
        },
        {
            "x": -10.439906453964998,
            "y": -42.61943692145605,
            "z": 1.1140380546850666
        },
        {
            "x": -5.554186892917975,
            "y": 28.212947326165953,
            "z": 2.8313381828239748
        },
        {
            "x": 62.6305725586315,
            "y": 3.5108936681123484,
            "z": -1.4335723335041126
        }
    ],
    "id": 0,
    "pivot": {
        "x": 0.0,
        "y": 0.0,
        "z": 0.0
    }
}
