{
    "count": 4,
    "fiducials": [
        {
            "x": 9.01771580744627,
            "y": -44.07737993056178,
            "z": 0.0
        },
        {
            "x": 36.131977497371004,
            "y": 15.523718145865814,
            "z": 0.0
        },
        {
            "x": -1.2011542827907984,
            "y": 25.532939075763988,
            "z": 0.0
        },
        {
            "x": -43.94853902202647,
            "y": 3.020722708931989,
            "z": 0.0
        }
    ],
    "id": 1,
    "pivot": {
        "x": 0.0,
        "y": 0.0,
        "z": 0.0
    }
}
