{
    "id": 2,
    "count": 4,
    "fiducials": [
        {
            "x": -53.27534695739904,
            "y": 0.302272723805687,
            "z": 0.09562781915845033
        },
        {
            "x": 4.392236817732569,
            "y": -31.19518126208954,
            "z": -0.1833216332563319
        },
        {
            "x": 11.824565622321531,
            "y": 39.30121058396172,
            "z": -0.1050168175575796
        },
        {
            "x": 37.05854451734495,
            "y": -8.40830204567784,
            "z": 0.1927106316556842
        }
    ],
    "pivot": {
        "x": 0.0,
        "y": 0.0,
        "z": 0.0
    }
}
