{
    "id": 0,
    "count": 4,
    "fiducials": [
        {
            "x": -21.234346196794462,
            "y": -17.883053974398365,
            "z": -0.9018957374269504
        },
        {
            "x": 51.55538096339303,
            "y": -7.833169028570168,
            "z": 0.9624465550577459
        },
        {
            "x": -58.133826265967585,
            "y": 8.04142050301055,
            "z": 0.7805586723859189
        },
        {
            "x": 27.81279149936905,
            "y": 17.674802499957874,
            "z": -0.8411094900164016
        }
    ],
    "pivot": {
        "x": 0.0,
        "y": 0.0,
        "z": 0.0
    }
}
