{
    "count": 4,
    "fiducials": [
        {
            "x": -21.197168091782814,
            "y": 17.90542414938451,
            "z": 1.4123495629224883
        },
        {
            "x": -57.908398360250885,
            "y": -8.200974936079716,
            "z": -1.2337687892868858
        },
        {
            "x": 51.25602230483768,
            "y": 7.472437652534524,
            "z": -1.5608657594519153
        },
        {
            "x": 27.849544147196042,
            "y": -17.176886865839357,
            "z": 1.3822849858156478
        }
    ],
    "id": 0,
    "pivot": {
        "x": 0.0,
        "y": 0.0,
        "z": 0.0
    }
}
