{
    "count": 4,
    "fiducials": [
        {
            "x": -28.19343129865312,
            "y": -19.28282023842811,
            "z": 2.799962705315125
        },
        {
            "x": 34.16790267089759,
            "y": -13.299438109138658,
            "z": -3.3552626322496004
        },
        {
            "x": -52.55983998348781,
            "y": 16.20947193346556,
            "z": -1.691599562058622
        },
        {
            "x": 46.58536861124337,
            "y": 16.372786414101206,
            "z": 2.2468994889930975
        }
    ],
    "id": 8,
    "pivot": {
        "x": 0.0,
        "y": 0.0,
        "z": 0.0
    }
}
