{
    "count": 3,
    "fiducials": [
        {
            "x": 9.221373360232537,
            "y": -35.60741674947103,
            "z": 0.0
        },
        {
            "x": 35.19039866802245,
            "y": 23.99102615831247,
            "z": 0.0
        },
        {
            "x": -44.41177202825501,
            "y": 11.616390591158579,
            "z": 0.0
        }
    ],
    "id": 5,
    "pivot": {
        "x": 0.0,
        "y": 0.0,
        "z": 0.0
    }
}
