{
    "count": 3,
    "fiducials": [
        {
            "x": -44.01086177467458,
            "y": -12.467210571610833,
            "z": 0.0
        },
        {
            "x": 35.84450239352941,
            "y": -23.502458344118487,
            "z": 0.0
        },
        {
            "x": 8.166359381145202,
            "y": 35.96966891572941,
            "z": 0.0
        }
    ],
    "id": 5,
    "pivot": {
        "x": 0.0,
        "y": 0.0,
        "z": 0.0
    }
}
