{
    "count": 4,
    "fiducials": [
        {
            "x": -4.466789837432013,
            "y": 32.23270491866069,
            "z": 0.1389044614303864
        },
        {
            "x": -40.65124393697076,
            "y": 11.760258676182977,
            "z": -0.13144223603492958
        },
        {
            "x": 57.02164821958941,
            "y": 1.4272065456652723,
            "z": -0.06980982925519205
        },
        {
            "x": -11.903614445186472,
            "y": -45.420170140508894,
            "z": 0.06234760385968321
        }
    ],
    "id": 7,
    "pivot": {
        "x": 0.0,
        "y": 0.0,
        "z": 0.0
    }
}
