{
    "count": 4,
    "fiducials": [
        {
            "x": -4.298532046535978,
            "y": 32.3322695928729,
            "z": 0.0
        },
        {
            "x": -41.00655088570362,
            "y": 12.104610967714446,
            "z": 0.0
        },
        {
            "x": 57.703173005380656,
            "y": 1.2042178858789236,
            "z": 0.0
        },
        {
            "x": -12.398090073141077,
            "y": -45.64109844646627,
            "z": 0.0
        }
    ],
    "id": 7,
    "pivot": {
        "x": 0.0,
        "y": 0.0,
        "z": 0.0
    }
}
