{
    "count": 3,
    "fiducials": [
        {
            "x": -24.62233531691117,
            "y": 21.878937788306875,
            "z": 0.0
        },
        {
            "x": -12.170694925156765,
            "y": -27.44282543294868,
            "z": 0.0
        },
        {
            "x": 36.79303024206789,
            "y": 5.56388764464195,
            "z": 0.0
        }
    ],
    "id": 3,
    "pivot": {
        "x": 0.0,
        "y": 0.0,
        "z": 0.0
    }
}
