{
    "count": 4,
    "fiducials": [
        {
            "x": -3.260844475811417,
            "y": -32.28303085006905,
            "z": 0.0
        },
        {
            "x": 57.62922421164813,
            "y": -0.09933141420928984,
            "z": 0.0
        },
        {
            "x": -40.633450580594825,
            "y": -12.834307717177321,
            "z": 0.0
        },
        {
            "x": -13.734929155241767,
            "y": 45.2166699814557,
            "z": 0.0
        }
    ],
    "id": 1,
    "pivot": {
        "x": 0.0,
        "y": 0.0,
        "z": 0.0
    }
}
