{
    "id":1,
    "count": 4,
    "fiducials": [
        {
            "x": -34.30660817647585,
            "y": -17.452481642292284,
            "z": 0.0
        },
        {
            "x": 11.967029456451275,
            "y": -36.43688559583145,
            "z": 0.0
        },
        {
            "x": -25.73642031477961,
            "y": 37.30374045142812,
            "z": 0.0
        },
        {
            "x": 48.075999034804184,
            "y": 16.585626786695638,
            "z": 0.0
        }
    ],
    "pivot": {
        "x": 0.0,
        "y": 0.0,
        "z": 0.0
    }
}
