{
    "position": { "x": 0.201435, "y": 0.045027, "z": 1.575411 },
    "orientation": { "r": 2.945364, "p": 0.156835, "y": 1.583401} 
}